﻿<?xml version="1.0" encoding="utf-8"?>
<ModMetaData>
  <name>Incident Person Stat</name>
  <author>Vaniat</author>
  <supportedVersions>
    <li>1.0</li>
    <li>1.1</li>
    <li>1.2</li>
    <li>1.3</li>
  </supportedVersions>
  <description>
  Incident Person Stat
  Add more details of person's stats on the following incidents window:
  wanderer join
  chased refugee
  incapacitated refugee quest
  prisoner rescue quest

  Credits:
  Kiame Vivacity for the original code.
  RicoFox233 for the preview tex.
  
  </description>
  <packageId>Vanya.Tools.IncidentPersonStat</packageId>
  <modDependencies>
    <li>
      <packageId>brrainz.harmony</packageId>
      <displayName>Harmony</displayName>
      <steamWorkshopUrl>steam://url/CommunityFilePage/2009463077</steamWorkshopUrl>
      <downloadUrl>https://github.com/pardeike/HarmonyRimWorld</downloadUrl>
    </li>
  </modDependencies>
  <loadAfter>
    <li>brrainz.harmony</li>
    <li>Ludeon.RimWorld</li>
    <li>Ludeon.RimWorld.Royalty</li>
  </loadAfter>
</ModMetaData>